{"cameraMode":{"drawMode":0,"name":"Shaded","section":"Shading Mode"},"sceneLighting":false,"audioPlay":false,"sceneViewState":{"m_AlwaysRefresh":false,"showFog":true,"showSkybox":false,"showFlares":true,"showImageEffects":true,"showParticleSystems":true,"showVisualEffectGraphs":true,"m_FxEnabled":true},"in2DMode":false,"pivot":{"x":0.795242190361023,"y":-0.03337940573692322,"z":0.4251585602760315},"rotation":{"x":0.2429254651069641,"y":0.011640479788184166,"z":-0.0029154811054468157,"w":0.9699726104736328},"size":2.015933036804199,"orthographic":false}