{"cameraMode":{"drawMode":0,"name":"Shaded","section":"Shading Mode"},"sceneLighting":false,"audioPlay":false,"sceneViewState":{"m_AlwaysRefresh":false,"showFog":true,"showSkybox":false,"showFlares":true,"showImageEffects":true,"showParticleSystems":true,"showVisualEffectGraphs":true,"m_FxEnabled":true},"in2DMode":false,"pivot":{"x":0.9808293581008911,"y":-0.5425693392753601,"z":-0.04381287097930908},"rotation":{"x":-0.2983350455760956,"y":0.01746179722249508,"z":-0.0054590352810919289,"w":-0.9542862772941589},"size":1.4049574136734009,"orthographic":false}